ACC2000046,user2000046@ci-stg.com,Password@123
ACC2000050,user2000050@ci-stg.com,Password@123
ACC2000850,user2000850@ci-stg.com,Password@123
ACC2000051,user2000051@ci-stg.com,Password@123
ACC2000052,user2000052@ci-stg.com,Password@123
ACC2000055,user2000055@ci-stg.com,Password@123
ACC2000056,user2000056@ci-stg.com,Password@123
ACC2000100,user2000100@ci-stg.com,Password@123
ACC2000101,user2000101@ci-stg.com,Password@123
ACC2000102,user2000102@ci-stg.com,Password@123
ACC2000103,user2000103@ci-stg.com,Password@123
ACC2000104,user2000104@ci-stg.com,Password@123
ACC2000105,user2000105@ci-stg.com,Password@123
ACC2000106,user2000106@ci-stg.com,Password@123
ACC2000107,user2000107@ci-stg.com,Password@123
ACC2000108,user2000108@ci-stg.com,Password@123
ACC2000109,user2000109@ci-stg.com,Password@123
ACC2000110,user2000110@ci-stg.com,Password@123
ACC2000111,user2000111@ci-stg.com,Password@123
ACC2000112,user2000112@ci-stg.com,Password@123
ACC2000113,user2000113@ci-stg.com,Password@123
ACC2000114,user2000114@ci-stg.com,Password@123
ACC2000115,user2000115@ci-stg.com,Password@123
ACC2000116,user2000116@ci-stg.com,Password@123
ACC2000117,user2000117@ci-stg.com,Password@123
ACC2000118,user2000118@ci-stg.com,Password@123
ACC2000119,user2000119@ci-stg.com,Password@123
ACC2000120,user2000120@ci-stg.com,Password@123
ACC2000121,user2000121@ci-stg.com,Password@123
ACC2000122,user2000122@ci-stg.com,Password@123
ACC2000123,user2000123@ci-stg.com,Password@123
ACC2000124,user2000124@ci-stg.com,Password@123
ACC2000125,user2000125@ci-stg.com,Password@123
ACC2000126,user2000126@ci-stg.com,Password@123
ACC2000127,user2000127@ci-stg.com,Password@123
ACC2000128,user2000128@ci-stg.com,Password@123
ACC2000129,user2000129@ci-stg.com,Password@123
ACC2000130,user2000130@ci-stg.com,Password@123
ACC2000131,user2000131@ci-stg.com,Password@123
ACC2000132,user2000132@ci-stg.com,Password@123
ACC2000133,user2000133@ci-stg.com,Password@123
ACC2000134,user2000134@ci-stg.com,Password@123
ACC2000135,user2000135@ci-stg.com,Password@123
ACC2000136,user2000136@ci-stg.com,Password@123
ACC2000137,user2000137@ci-stg.com,Password@123
ACC2000138,user2000138@ci-stg.com,Password@123
ACC2000139,user2000139@ci-stg.com,Password@123
ACC2000140,user2000140@ci-stg.com,Password@123
ACC2000141,user2000141@ci-stg.com,Password@123
ACC2000142,user2000142@ci-stg.com,Password@123
ACC2000143,user2000143@ci-stg.com,Password@123
ACC2000144,user2000144@ci-stg.com,Password@123
ACC2000145,user2000145@ci-stg.com,Password@123
ACC2000146,user2000146@ci-stg.com,Password@123
ACC2000147,user2000147@ci-stg.com,Password@123
ACC2000148,user2000148@ci-stg.com,Password@123
ACC2000149,user2000149@ci-stg.com,Password@123
ACC2000150,user2000150@ci-stg.com,Password@123
ACC2000151,user2000151@ci-stg.com,Password@123
ACC2000152,user2000152@ci-stg.com,Password@123
ACC2000153,user2000153@ci-stg.com,Password@123
ACC2000154,user2000154@ci-stg.com,Password@123
ACC2000155,user2000155@ci-stg.com,Password@123
ACC2000156,user2000156@ci-stg.com,Password@123
ACC2000157,user2000157@ci-stg.com,Password@123
ACC2000158,user2000158@ci-stg.com,Password@123
ACC2000159,user2000159@ci-stg.com,Password@123
ACC2000160,user2000160@ci-stg.com,Password@123
ACC2000161,user2000161@ci-stg.com,Password@123
ACC2000162,user2000162@ci-stg.com,Password@123
ACC2000163,user2000163@ci-stg.com,Password@123
ACC2000164,user2000164@ci-stg.com,Password@123
ACC2000165,user2000165@ci-stg.com,Password@123
ACC2000166,user2000166@ci-stg.com,Password@123
ACC2000167,user2000167@ci-stg.com,Password@123
ACC2000168,user2000168@ci-stg.com,Password@123
ACC2000169,user2000169@ci-stg.com,Password@123
ACC2000170,user2000170@ci-stg.com,Password@123
ACC2000171,user2000171@ci-stg.com,Password@123
ACC2000172,user2000172@ci-stg.com,Password@123
ACC2000173,user2000173@ci-stg.com,Password@123
ACC2000174,user2000174@ci-stg.com,Password@123
ACC2000175,user2000175@ci-stg.com,Password@123
ACC2000176,user2000176@ci-stg.com,Password@123
ACC2000177,user2000177@ci-stg.com,Password@123
ACC2000178,user2000178@ci-stg.com,Password@123
ACC2000179,user2000179@ci-stg.com,Password@123
ACC2000180,user2000180@ci-stg.com,Password@123
ACC2000181,user2000181@ci-stg.com,Password@123
ACC2000182,user2000182@ci-stg.com,Password@123
ACC2000183,user2000183@ci-stg.com,Password@123
ACC2000184,user2000184@ci-stg.com,Password@123
ACC2000185,user2000185@ci-stg.com,Password@123
ACC2000186,user2000186@ci-stg.com,Password@123
ACC2000187,user2000187@ci-stg.com,Password@123
ACC2000188,user2000188@ci-stg.com,Password@123
ACC2000189,user2000189@ci-stg.com,Password@123
ACC2000190,user2000190@ci-stg.com,Password@123
ACC2000191,user2000191@ci-stg.com,Password@123
ACC2000192,user2000192@ci-stg.com,Password@123